<?xml version='1.0' encoding='UTF-8'?>  
<!DOCTYPE hibernate-configuration PUBLIC  
          "-//Hibernate/Hibernate Configuration DTD 3.0//EN"  
          "http://hibernate.sourceforge.net/hibernate-configuration-3.0.dtd">  
          <hibernate-configuration>
          <session-factory>
          <property name="connection.url">jdbc:oracle:thin:@10.1.50.198:1521:orcl</property>
          <property name="connection.username">sh</property>
          <property name="connection.password">sh</property>
          <property name="show_sql">true</property>
          <property name="connection.driver_class">oracle.jdbc.driver.OracleDriver</property>
          <property name="dialect">org.hibernate.dialect.Oracle10gDialect</property>
          <property name="hbm2ddl.auto">update</property>
          <mapping class="com.nucleus.Employee"/>
          </session-factory>
          
          </hibernate-configuration>